Student,Lessons Complete,Target Lessons,Difference,VLA Hours,Outside of Class Hours,Total Hours,Total Minutes,Average Hours Per Day,Average Minutes Per Day,ID,Hours Required,First Name,Last Name,Birthdate,Grade Level,Academic Coach
"Last117, First117",75,78,-3,146:43,178:35,317,59,4,5,9117,390,First117,Last117,1/1/2005,8,CoachA
"Last118, First118",103,119,-16,578:16,2:03,580,19,4,53,9118,595,First118,Last118,2/2/2006,12,CoachB
"Last119, First119",115,119,-4,503:04,6:44,505,51,4,15,9119,595,First119,Last119,3/3/2007,10,CoachB
"Last120, First120",134,88,46,153:45,22:30,174,27,1,59,9120,440,First120,Last120,4/4/2008,12,CoachC
"Last121, First121",72,88,-16,117:18,8:20,125,38,1,26,9121,440,First121,Last121,5/5/2009,10,CoachC
"Last122, First122",119,58,61,241:48,21:25,248,22,4,17,9122,290,First122,Last122,6/6/2010,11,CoachB
"Last123, First123",86,78,8,331:16,13:16,336,33,4,19,9123,390,First123,Last123,7/7/2005,11,CoachA
"Last124, First124",50,68,-18,88:19,73:22,156,11,2,18,9124,340,First124,Last124,8/8/2006,11,CoachA
"Last125, First125",124,119,5,504:21,106:57,588,16,4,57,9125,595,First125,Last125,9/9/2007,12,CoachC
"Last126, First126",61,114,-53,254:33,17:45,271,54,2,23,9126,570,First126,Last126,10/10/2008,10,CoachC
"Last127, First127",105,119,-14,542:12,5:48,543,9,4,34,9127,595,First127,Last127,11/11/2009,12,CoachC
"Last128, First128",53,119,-66,457:37,1:51,459,5,3,51,9128,595,First128,Last128,12/12/2010,12,CoachC
"Last129, First129",11,7,4,13:40,0:30,14,10,2,1,9129,35,First129,Last129,1/13/2005,11,CoachB
"Last130, First130",75,119,-44,131:23,7:10,138,33,1,10,9130,595,First130,Last130,2/14/2006,11,CoachD
"Last131, First131",72,48,24,52:23,145:45,194,23,4,3,9131,240,First131,Last131,3/15/2007,11,CoachE
"Last132, First132",104,119,-15,475:49,4:39,467,47,3,56,9132,595,First132,Last132,4/16/2008,8,CoachB
"Last133, First133",107,119,-12,536:04,174:22,681,27,5,44,9133,595,First133,Last133,5/17/2009,10,CoachC
"Last134, First134",162,98,64,340:33,42:57,380,1,3,53,9134,490,First134,Last134,6/18/2010,10,CoachF
"Last135, First135",51,119,-68,86:42,6:04,92,46,0,47,9135,595,First135,Last135,7/19/2005,12,CoachF
"Last136, First136",165,21,144,95:52,2:30,98,22,4,41,9136,105,First136,Last136,8/20/2006,12,CoachD
"Last137, First137",54,68,-14,286:00,0:00,286,0,4,12,9137,340,First137,Last137,9/21/2007,10,CoachD
"Last138, First138",81,119,-38,289:06,31:05,318,37,2,41,9138,595,First138,Last138,10/22/2008,10,CoachA
"Last139, First139",112,78,34,212:07,54:49,252,35,3,14,9139,390,First139,Last139,11/23/2009,12,CoachB
"Last140, First140",116,119,-3,601:34,9:57,609,31,5,7,9140,595,First140,Last140,12/24/2010,11,CoachD
"Last141, First141",5,7,-2,12:26,5:05,16,11,2,19,9141,35,First141,Last141,1/25/2005,10,CoachA
"Last142, First142",112,119,-7,527:12,1:30,525,12,4,25,9142,595,First142,Last142,2/26/2006,11,CoachE
"Last143, First143",197,119,78,574:12,17:00,590,31,4,58,9143,595,First143,Last143,3/27/2007,12,CoachD
"Last144, First144",122,119,3,573:05,3:45,576,48,4,51,9144,595,First144,Last144,4/28/2008,12,CoachC
"Last145, First145",59,78,-19,189:49,90:20,268,44,3,27,9145,390,First145,Last145,5/1/2009,8,CoachA
"Last146, First146",69,88,-19,81:14,6:58,87,40,0,60,9146,440,First146,Last146,6/2/2010,12,CoachB
"Last147, First147",88,107,-19,223:33,7:49,229,5,2,8,9147,535,First147,Last147,7/3/2005,10,CoachE
"Last148, First148",102,98,4,473:16,30:44,496,40,5,4,9148,490,First148,Last148,8/4/2006,10,CoachA
"Last149, First149",122,119,3,603:06,22:20,617,10,5,11,9149,595,First149,Last149,9/5/2007,11,CoachC
"Last150, First150",52,26,26,122:08,6:06,127,33,4,54,9150,130,First150,Last150,10/6/2008,9,CoachB
"Last151, First151",120,117,3,236:43,283:47,504,38,4,19,9151,585,First151,Last151,11/7/2009,8,CoachB
"Last152, First152",73,88,-15,211:20,1:26,212,46,2,25,9152,440,First152,Last152,12/8/2010,8,CoachA
"Last153, First153",228,119,109,183:22,12:48,194,5,1,38,9153,595,First153,Last153,1/9/2005,12,CoachC
"Last154, First154",52,119,-67,139:20,151:44,287,21,2,25,9154,595,First154,Last154,2/10/2006,12,CoachC
"Last001, First001",81,88,-7,214:50,86:20,300,9,3,25,9001,440,First001,Last001,3/11/2007,9,CoachG
"Last155, First155",108,119,-11,420:13,190:49,562,53,4,44,9155,595,First155,Last155,4/12/2008,10,CoachB
"Last156, First156",17,103,-86,71:54,4:25,75,42,0,44,9156,515,First156,Last156,5/13/2009,12,CoachA
"Last157, First157",96,119,-23,304:27,109:35,401,21,3,22,9157,595,First157,Last157,6/14/2010,12,CoachC
"Last158, First158",95,88,7,415:31,0:00,409,38,4,39,9158,440,First158,Last158,7/15/2005,8,CoachD
"Last159, First159",118,119,-1,413:42,1:13,414,33,3,29,9159,595,First159,Last159,8/16/2006,10,CoachC
"Last160, First160",92,117,-25,508:06,21:24,527,46,4,31,9160,585,First160,Last160,9/17/2007,11,CoachA
"Last161, First161",112,119,-7,246:00,358:12,536,25,4,30,9161,595,First161,Last161,10/18/2008,12,CoachA
"Last162, First162",71,59,12,180:06,266:31,432,34,3,38,9162,295,First162,Last162,11/19/2009,12,CoachE
"Last163, First163",258,117,141,516:20,15:44,526,17,4,30,9163,585,First163,Last163,12/20/2010,10,CoachA
"Last164, First164",105,88,17,218:29,220:00,426,27,4,51,9164,440,First164,Last164,1/21/2005,9,CoachE
"Last165, First165",387,119,268,568:06,3:08,565,46,4,45,9165,595,First165,Last165,2/22/2006,12,CoachC
"Last002, First002",164,98,66,55:31,24:40,80,11,0,49,9002,490,First002,Last002,3/23/2007,12,CoachG
"Last166, First166",74,17,57,27:16,1:30,28,46,1,42,9166,85,First166,Last166,4/24/2008,10,CoachD
"Last167, First167",80,119,-39,503:31,8:00,511,31,4,18,9167,595,First167,Last167,5/25/2009,8,CoachA
"Last003, First003",124,119,5,601:29,2:42,604,11,5,5,9003,595,First003,Last003,6/26/2010,12,CoachG
"Last168, First168",210,114,96,143:38,158:48,297,50,2,37,9168,570,First168,Last168,7/27/2005,11,CoachB
"Last169, First169",128,105,23,547:56,2:32,550,14,5,14,9169,525,First169,Last169,8/28/2006,11,CoachC
"Last170, First170",127,119,8,39:04,163:18,189,21,1,35,9170,595,First170,Last170,9/1/2007,12,CoachE
"Last171, First171",220,107,113,267:55,192:41,447,37,4,11,9171,535,First171,Last171,10/2/2008,11,CoachE
"Last172, First172",48,26,22,66:51,32:39,98,31,3,47,9172,130,First172,Last172,11/3/2009,10,CoachA
"Last173, First173",111,119,-8,411:43,232:18,608,33,5,7,9173,595,First173,Last173,12/4/2010,10,CoachB
"Last174, First174",239,88,151,192:07,3:30,194,52,2,13,9174,440,First174,Last174,1/5/2005,11,CoachE
"Last004, First004",94,58,36,129:41,167:20,296,47,5,7,9004,290,First004,Last004,2/6/2006,7,CoachG
"Last005, First005",54,58,-4,254:07,32:37,248,58,4,18,9005,290,First005,Last005,3/7/2007,11,CoachG
"Last006, First006",0,26,-26,3:57,3:00,6,57,0,16,9006,130,First006,Last006,4/8/2008,10,CoachG
"Last175, First175",36,48,-12,17:05,3:32,18,45,0,23,9175,240,First175,Last175,5/9/2009,9,CoachC
"Last176, First176",27,103,-76,113:50,0:40,114,30,1,7,9176,515,First176,Last176,6/10/2010,12,CoachD
"Last177, First177",4,17,-13,8:12,2:00,10,12,0,36,9177,85,First177,Last177,7/11/2005,12,CoachD
"Last178, First178",72,119,-47,477:18,0:00,474,51,3,59,9178,595,First178,Last178,8/12/2006,12,CoachD
"Last179, First179",130,119,11,507:57,8:00,514,22,4,19,9179,595,First179,Last179,9/13/2007,10,CoachF
"Last180, First180",67,88,-21,36:03,97:31,116,34,1,19,9180,440,First180,Last180,10/14/2008,9,CoachD
"Last181, First181",10,17,-7,7:30,2:30,10,0,0,35,9181,85,First181,Last181,11/15/2009,10,CoachD
"Last182, First182",136,119,17,303:30,216:58,506,24,4,15,9182,595,First182,Last182,12/16/2010,11,CoachB
"Last183, First183",88,98,-10,181:51,156:38,329,3,3,21,9183,490,First183,Last183,1/17/2005,11,CoachD
"Last184, First184",77,98,-21,328:40,44:49,352,48,3,36,9184,490,First184,Last184,2/18/2006,10,CoachE
"Last185, First185",109,88,21,102:44,5:39,106,18,1,12,9185,440,First185,Last185,3/19/2007,11,CoachE
"Last186, First186",74,34,40,122:03,184:40,286,59,4,13,9186,170,First186,Last186,4/20/2008,12,CoachC
"Last187, First187",73,68,5,239:56,47:58,285,38,4,12,9187,340,First187,Last187,5/21/2009,8,CoachC
"Last188, First188",66,98,-32,509:57,13:19,517,51,5,17,9188,490,First188,Last188,6/22/2010,10,CoachC
"Last189, First189",153,119,34,575:57,17:29,587,56,4,56,9189,595,First189,Last189,7/23/2005,11,CoachC
"Last190, First190",72,119,-47,475:31,40:22,509,53,4,17,9190,595,First190,Last190,8/24/2006,11,CoachD
"Last191, First191",126,107,19,232:52,318:22,546,17,5,6,9191,535,First191,Last191,9/25/2007,8,CoachA
"Last192, First192",89,98,-9,179:56,283:45,444,49,4,32,9192,490,First192,Last192,10/26/2008,7,CoachB
"Last007, First007",136,117,19,414:26,216:27,601,37,5,9,9007,585,First007,Last007,11/27/2009,7,CoachG
"Last008, First008",157,119,38,360:39,17:40,375,49,3,9,9008,595,First008,Last008,12/28/2010,12,CoachG
"Last193, First193",21,26,-5,64:49,46:38,108,44,4,11,9193,130,First193,Last193,1/1/2005,8,CoachD
"Last009, First009",95,88,7,309:32,92:43,396,17,4,30,9009,440,First009,Last009,2/2/2006,10,CoachG
"Last194, First194",32,26,6,124:54,2:00,125,54,4,51,9194,130,First194,Last194,3/3/2007,7,CoachE
"Last195, First195",137,119,18,599:30,5:03,601,54,5,3,9195,595,First195,Last195,4/4/2008,11,CoachB
"Last196, First196",43,107,-64,456:24,0:39,455,46,4,16,9196,535,First196,Last196,5/5/2009,12,CoachH
"Last197, First197",167,98,69,142:13,126:48,259,48,2,39,9197,490,First197,Last197,6/6/2010,11,CoachA
"Last010, First010",49,119,-70,201:27,93:29,282,8,2,22,9010,595,First010,Last010,7/7/2005,12,CoachG
"Last198, First198",38,98,-60,95:08,22:38,117,10,1,12,9198,490,First198,Last198,8/8/2006,11,CoachA
"Last199, First199",49,119,-70,389:44,1:57,391,21,3,17,9199,595,First199,Last199,9/9/2007,11,CoachC
"Last011, First011",122,98,24,214:27,183:58,380,41,3,53,9011,490,First011,Last011,10/10/2008,10,CoachG
"Last200, First200",45,107,-62,62:44,40:50,85,2,0,48,9200,535,First200,Last200,11/11/2009,9,CoachD
"Last201, First201",91,107,-16,105:42,21:37,117,23,1,6,9201,535,First201,Last201,12/12/2010,10,CoachD
"Last202, First202",22,26,-4,109:54,19:50,120,57,4,39,9202,130,First202,Last202,1/13/2005,10,CoachE
"Last203, First203",112,117,-5,166:02,113:05,277,14,2,22,9203,585,First203,Last203,2/14/2006,12,CoachD
"Last204, First204",83,119,-36,468:42,100:00,565,9,4,45,9204,595,First204,Last204,3/15/2007,10,CoachD
"Last205, First205",198,17,181,194:54,0:15,172,37,10,9,9205,85,First205,Last205,4/16/2008,11,CoachD
"Last206, First206",116,119,-3,485:36,116:32,602,8,5,4,9206,595,First206,Last206,5/17/2009,8,CoachA
"Last207, First207",101,117,-16,166:33,87:05,245,13,2,6,9207,585,First207,Last207,6/18/2010,10,CoachD
"Last208, First208",99,119,-20,570:18,22:22,592,40,4,59,9208,595,First208,Last208,7/19/2005,12,CoachF
"Last209, First209",33,68,-35,346:02,1:56,345,30,5,5,9209,340,First209,Last209,8/20/2006,11,CoachC
"Last210, First210",115,83,32,276:56,88:11,353,38,4,16,9210,415,First210,Last210,9/21/2007,9,CoachD
"Last211, First211",120,117,3,224:30,332:56,540,37,4,37,9211,585,First211,Last211,10/22/2008,11,CoachD
"Last212, First212",81,107,-26,56:40,7:52,64,32,0,36,9212,535,First212,Last212,11/23/2009,12,CoachE
"Last213, First213",113,119,-6,120:47,363:30,480,0,4,2,9213,595,First213,Last213,12/24/2010,8,CoachA
"Last214, First214",39,88,-49,232:06,6:08,237,32,2,42,9214,440,First214,Last214,1/25/2005,12,CoachC
"Last215, First215",43,88,-45,150:14,6:04,156,18,1,47,9215,440,First215,Last215,2/26/2006,10,CoachC
"Last013, First013",74,7,67,30:12,4:55,35,1,5,0,9013,35,First013,Last013,3/27/2007,11,CoachG
"Last216, First216",115,107,8,521:58,43:29,562,4,5,15,9216,535,First216,Last216,4/28/2008,11,CoachA
"Last217, First217",36,7,29,17:09,1:19,18,18,2,37,9217,35,First217,Last217,5/1/2009,11,CoachD
"Last218, First218",92,98,-6,354:21,3:15,357,36,3,39,9218,490,First218,Last218,6/2/2010,12,CoachD
"Last219, First219",119,119,0,598:56,16:02,603,48,5,4,9219,595,First219,Last219,7/3/2005,9,CoachD
"Last014, First014",66,114,-48,75:53,36:24,112,17,0,59,9014,570,First014,Last014,8/4/2006,12,CoachG
"Last220, First220",122,107,15,372:03,107:51,475,11,4,26,9220,535,First220,Last220,9/5/2007,9,CoachE
"Last221, First221",143,119,24,268:28,26:39,292,41,2,28,9221,595,First221,Last221,10/6/2008,11,CoachA
"Last222, First222",96,98,-2,309:23,2:18,311,20,3,11,9222,490,First222,Last222,11/7/2009,10,CoachA
"Last223, First223",186,119,67,466:47,179:21,638,52,5,22,9223,595,First223,Last223,12/8/2010,12,CoachE
"Last224, First224",101,114,-13,202:10,234:42,425,15,3,44,9224,570,First224,Last224,1/9/2005,12,CoachB
"Last225, First225",93,119,-26,71:33,515:11,575,12,4,50,9225,595,First225,Last225,2/10/2006,11,CoachB
"Last226, First226",114,119,-5,591:37,23:35,601,27,5,3,9226,595,First226,Last226,3/11/2007,8,CoachB
"Last227, First227",104,98,6,319:27,0:30,319,57,3,16,9227,490,First227,Last227,4/12/2008,11,CoachE
"Last228, First228",60,117,-57,30:33,44:10,74,22,0,38,9228,585,First228,Last228,5/13/2009,12,CoachB
"Last229, First229",160,59,101,214:21,13:35,227,50,1,55,9229,295,First229,Last229,6/14/2010,11,CoachB
"Last230, First230",5,7,-2,11:39,12:29,24,3,3,26,9230,35,First230,Last230,7/15/2005,11,CoachC
"Last231, First231",13,7,6,28:48,1:52,30,28,4,21,9231,35,First231,Last231,8/16/2006,7,CoachE
"Last232, First232",116,119,-3,382:51,276:50,594,45,4,60,9232,595,First232,Last232,9/17/2007,11,CoachB
"Last233, First233",74,26,48,128:56,19:10,146,20,5,38,9233,130,First233,Last233,10/18/2008,8,CoachC
"Last234, First234",13,3,10,16:04,18:26,29,21,4,12,9234,15,First234,Last234,11/19/2009,11,CoachB
"Last235, First235",1,7,-6,3:58,1:00,4,56,0,42,9235,35,First235,Last235,12/20/2010,11,CoachA
"Last236, First236",147,119,28,383:15,19:49,396,7,3,20,9236,595,First236,Last236,1/21/2005,10,CoachB
"Last237, First237",128,88,40,78:45,5:14,83,29,0,57,9237,440,First237,Last237,2/22/2006,12,CoachB
"Last238, First238",118,119,-1,301:24,10:23,308,37,2,36,9238,595,First238,Last238,3/23/2007,12,CoachE
"Last239, First239",143,119,24,595:28,4:43,600,11,5,3,9239,595,First239,Last239,4/24/2008,10,CoachE
"Last240, First240",104,98,6,347:44,139:40,485,15,4,57,9240,490,First240,Last240,5/25/2009,9,CoachC
"Last241, First241",320,119,201,221:40,76:37,285,6,2,24,9241,595,First241,Last241,6/26/2010,10,CoachA
"Last242, First242",164,119,45,222:18,165:11,358,1,3,1,9242,595,First242,Last242,7/27/2005,12,CoachC
"Last243, First243",123,119,4,623:16,111:29,662,57,5,34,9243,595,First243,Last243,8/28/2006,10,CoachB
"Last244, First244",125,119,6,353:37,158:33,504,22,4,14,9244,595,First244,Last244,9/1/2007,12,CoachE
"Last245, First245",100,119,-19,425:49,48:24,456,30,3,50,9245,595,First245,Last245,10/2/2008,12,CoachB
"Last246, First246",15,26,-11,97:25,4:55,101,43,3,55,9246,130,First246,Last246,11/3/2009,8,CoachB
"Last247, First247",97,119,-22,204:01,250:26,450,1,3,47,9247,595,First247,Last247,12/4/2010,12,CoachB
"Last248, First248",159,119,40,562:08,1:18,563,4,4,44,9248,595,First248,Last248,1/5/2005,12,CoachB
"Last249, First249",189,117,72,470:02,162:43,588,23,5,2,9249,585,First249,Last249,2/6/2006,10,CoachD
"Last250, First250",170,119,51,532:10,26:53,556,33,4,41,9250,595,First250,Last250,3/7/2007,12,CoachF
"Last251, First251",74,58,16,242:19,0:30,242,49,4,11,9251,290,First251,Last251,4/8/2008,8,CoachE
"Last252, First252",25,58,-33,64:02,1:30,65,32,1,8,9252,290,First252,Last252,5/9/2009,12,CoachE
"Last253, First253",65,58,7,171:00,105:00,271,11,4,41,9253,290,First253,Last253,6/10/2010,9,CoachE
"Last254, First254",114,119,-5,557:48,47:00,602,11,5,4,9254,595,First254,Last254,7/11/2005,8,CoachB
"Last255, First255",254,113,141,274:54,9:38,280,12,2,29,9255,565,First255,Last255,8/12/2006,11,CoachD
"Last015, First015",21,7,14,35:29,0:45,36,14,5,11,9015,35,First015,Last015,9/13/2007,11,CoachG
"Last256, First256",38,119,-81,162:49,1:00,163,49,1,23,9256,595,First256,Last256,10/14/2008,10,CoachC
"Last257, First257",66,119,-53,546:58,3:46,445,32,3,45,9257,595,First257,Last257,11/15/2009,11,CoachE
"Last258, First258",51,119,-68,554:24,32:16,578,50,4,52,9258,595,First258,Last258,12/16/2010,9,CoachD
"Last259, First259",147,78,69,170:27,228:25,390,35,5,0,9259,390,First259,Last259,1/17/2005,10,CoachD
"Last260, First260",29,88,-59,417:12,18:32,420,13,4,47,9260,440,First260,Last260,2/18/2006,9,CoachD
"Last261, First261",121,119,2,382:27,248:00,594,18,4,60,9261,595,First261,Last261,3/19/2007,8,CoachD
"Last262, First262",44,26,18,68:53,9:35,77,13,2,58,9262,130,First262,Last262,4/20/2008,12,CoachA
"Last016, First016",104,26,78,61:29,58:07,118,15,4,33,9016,130,First016,Last016,5/21/2009,10,CoachG
"Last263, First263",19,17,2,37:14,13:18,44,32,2,37,9263,85,First263,Last263,6/22/2010,9,CoachD
"Last017, First017",62,68,-6,381:47,20:14,397,59,5,51,9017,340,First017,Last017,7/23/2005,8,CoachG
"Last018, First018",113,68,45,390:47,12:17,401,57,5,55,9018,340,First018,Last018,8/24/2006,7,CoachG
"Last264, First264",13,7,6,36:07,0:30,36,37,5,14,9264,35,First264,Last264,9/25/2007,8,CoachE
"Last019, First019",60,119,-59,52:50,2:53,53,8,0,27,9019,595,First019,Last019,10/26/2008,12,CoachG
"Last265, First265",82,119,-37,176:29,4:29,180,58,1,31,9265,595,First265,Last265,11/27/2009,12,CoachD
"Last266, First266",95,119,-24,557:52,14:01,561,26,4,43,9266,595,First266,Last266,12/28/2010,11,CoachE
"Last267, First267",4,17,-13,4:31,6:00,10,31,0,37,9267,85,First267,Last267,1/1/2005,12,CoachE
"Last268, First268",113,107,6,222:42,171:37,353,4,3,18,9268,535,First268,Last268,2/2/2006,10,CoachC
"Last269, First269",18,26,-8,21:08,0:30,21,38,0,50,9269,130,First269,Last269,3/3/2007,8,CoachD
"Last270, First270",191,119,72,617:41,3:39,618,54,5,12,9270,595,First270,Last270,4/4/2008,11,CoachA
"Last020, First020",66,119,-53,176:38,7:23,183,41,1,33,9020,595,First020,Last020,5/5/2009,12,CoachG
"Last021, First021",137,117,20,366:46,60:58,410,39,3,31,9021,585,First021,Last021,6/6/2010,10,CoachG
"Last271, First271",180,107,73,39:00,2:30,41,30,0,23,9271,535,First271,Last271,7/7/2005,12,CoachE
"Last272, First272",15,17,-2,79:14,1:26,79,49,4,42,9272,85,First272,Last272,8/8/2006,12,CoachD
"Last273, First273",93,107,-14,57:33,316:53,371,47,3,28,9273,535,First273,Last273,9/9/2007,11,CoachE
"Last274, First274",44,88,-44,66:31,26:34,86,49,0,59,9274,440,First274,Last274,10/10/2008,11,CoachC
"Last275, First275",69,78,-9,241:22,12:30,246,52,3,10,9275,390,First275,Last275,11/11/2009,11,CoachE
"Last276, First276",117,119,-2,250:47,348:47,598,17,5,2,9276,595,First276,Last276,12/12/2010,10,CoachA
"Last277, First277",92,68,24,30:12,43:20,66,19,0,59,9277,340,First277,Last277,1/13/2005,12,CoachC
"Last278, First278",47,58,-11,291:41,6:45,295,27,5,6,9278,290,First278,Last278,2/14/2006,8,CoachE
"Last279, First279",62,26,36,103:53,0:00,103,53,3,60,9279,130,First279,Last279,3/15/2007,10,CoachE
"Last280, First280",55,26,29,23:25,3:00,25,38,0,59,9280,130,First280,Last280,4/16/2008,9,CoachE
"Last281, First281",116,119,-3,71:02,2:42,73,38,0,37,9281,595,First281,Last281,5/17/2009,11,CoachD
"Last282, First282",128,68,60,58:08,1:43,59,51,0,53,9282,340,First282,Last282,6/18/2010,11,CoachB
"Last283, First283",28,26,2,135:48,1:32,137,20,5,17,9283,130,First283,Last283,7/19/2005,9,CoachC
"Last284, First284",127,119,8,500:07,15:10,510,57,4,18,9284,595,First284,Last284,8/20/2006,12,CoachB
"Last285, First285",15,17,-2,77:25,0:30,77,55,4,35,9285,85,First285,Last285,9/21/2007,8,CoachD
"Last022, First022",176,88,88,191:25,259:25,441,14,5,1,9022,440,First022,Last022,10/22/2008,9,CoachG
"Last286, First286",12,17,-5,4:05,4:09,8,14,0,29,9286,85,First286,Last286,11/23/2009,12,CoachE
"Last287, First287",19,17,2,9:55,1:27,11,22,0,40,9287,85,First287,Last287,12/24/2010,10,CoachE
"Last288, First288",8,7,1,13:28,5:50,19,18,2,45,9288,35,First288,Last288,1/25/2005,9,CoachD
"Last289, First289",47,119,-72,599:34,0:30,600,4,5,3,9289,595,First289,Last289,2/26/2006,8,CoachE
"Last290, First290",144,119,25,419:18,163:07,581,43,4,53,9290,595,First290,Last290,3/27/2007,11,CoachA
"Last291, First291",61,17,44,76:44,0:00,76,44,4,31,9291,85,First291,Last291,4/28/2008,10,CoachD
"Last292, First292",142,119,23,383:48,16:53,395,32,3,19,9292,595,First292,Last292,5/1/2009,10,CoachB
"Last293, First293",34,7,27,19:25,0:35,20,0,2,51,9293,35,First293,Last293,6/2/2010,11,CoachC
"Last294, First294",63,119,-56,555:02,21:08,566,47,4,46,9294,595,First294,Last294,7/3/2005,10,CoachC
"Last295, First295",65,119,-54,239:51,23:27,263,18,2,13,9295,595,First295,Last295,8/4/2006,12,CoachE
"Last296, First296",16,119,-103,5:09,5:11,9,15,0,5,9296,595,First296,Last296,9/5/2007,11,CoachB
"Last297, First297",100,119,-19,440:06,38:13,472,4,3,58,9297,595,First297,Last297,10/6/2008,10,CoachC
"Last298, First298",39,26,13,77:52,8:52,85,33,3,17,9298,130,First298,Last298,11/7/2009,8,CoachB
"Last299, First299",102,88,14,121:15,88:47,209,22,2,23,9299,440,First299,Last299,12/8/2010,11,CoachA
"Last300, First300",68,78,-10,220:01,25:40,243,14,3,7,9300,390,First300,Last300,1/9/2005,9,CoachB
"Last301, First301",118,117,1,77:59,26:50,99,32,0,51,9301,585,First301,Last301,2/10/2006,9,CoachA
"Last023, First023",148,98,50,476:31,20:45,492,19,5,1,9023,490,First023,Last023,3/11/2007,11,CoachG
"Last302, First302",70,119,-49,29:24,12:31,39,25,0,20,9302,595,First302,Last302,4/12/2008,12,CoachI
"Last303, First303",125,117,8,444:34,212:25,640,30,5,28,9303,585,First303,Last303,5/13/2009,9,CoachC
"Last304, First304",2,7,-5,2:11,0:00,2,11,0,19,9304,35,First304,Last304,6/14/2010,11,CoachB
"Last305, First305",45,119,-74,47:52,0:00,47,52,0,24,9305,595,First305,Last305,7/15/2005,12,CoachA
"Last024, First024",252,68,184,91:29,32:13,112,45,1,39,9024,340,First024,Last024,8/16/2006,12,CoachG
"Last025, First025",161,88,73,147:59,34:45,169,35,1,56,9025,440,First025,Last025,9/17/2007,8,CoachG
"Last026, First026",98,107,-9,200:12,205:02,385,48,3,36,9026,535,First026,Last026,10/18/2008,11,CoachG
"Last306, First306",120,58,62,287:14,13:44,300,54,5,11,9306,290,First306,Last306,11/19/2009,9,CoachD
"Last307, First307",125,119,6,506:48,136:45,600,32,5,3,9307,595,First307,Last307,12/20/2010,10,CoachE
"Last027, First027",106,119,-13,538:06,1:50,539,56,4,32,9027,595,First027,Last027,1/21/2005,12,CoachG
"Last308, First308",158,119,39,168:01,401:59,499,56,4,12,9308,595,First308,Last308,2/22/2006,10,CoachC
"Last309, First309",88,107,-19,181:29,38:50,215,4,2,1,9309,535,First309,Last309,3/23/2007,12,CoachD
"Last310, First310",179,119,60,562:46,9:35,560,48,4,43,9310,595,First310,Last310,4/24/2008,11,CoachE
"Last028, First028",34,68,-34,80:55,66:27,132,11,1,57,9028,340,First028,Last028,5/25/2009,10,CoachG
"Last311, First311",138,114,24,66:41,133:00,199,4,1,45,9311,570,First311,Last311,6/26/2010,12,CoachE
"Last312, First312",135,117,18,480:18,114:56,567,58,4,51,9312,585,First312,Last312,7/27/2005,10,CoachC
"Last029, First029",117,119,-2,365:03,307:15,600,32,5,3,9029,595,First029,Last029,8/28/2006,10,CoachG
"Last313, First313",13,17,-4,16:08,8:50,24,33,1,27,9313,85,First313,Last313,9/1/2007,12,CoachD
"Last030, First030",123,107,16,387:35,138:30,512,3,4,47,9030,535,First030,Last030,10/2/2008,7,CoachG
"Last314, First314",103,59,44,284:19,19:29,292,15,2,27,9314,295,First314,Last314,11/3/2009,11,CoachE
"Last031, First031",120,119,1,367:52,276:48,641,1,5,23,9031,595,First031,Last031,12/4/2010,11,CoachG
"Last032, First032",122,119,3,506:11,35:51,493,30,4,9,9032,595,First032,Last032,1/5/2005,11,CoachG
"Last033, First033",102,98,4,62:58,142:15,204,43,2,5,9033,490,First033,Last033,2/6/2006,11,CoachG
"Last315, First315",178,107,71,426:58,66:52,466,28,4,22,9315,535,First315,Last315,3/7/2007,12,CoachF
"Last316, First316",193,119,74,631:01,164:57,725,1,6,6,9316,595,First316,Last316,4/8/2008,9,CoachB
"Last034, First034",25,26,-1,16:22,30:00,41,45,1,36,9034,130,First034,Last034,5/9/2009,9,CoachG
"Last317, First317",17,7,10,35:16,0:00,35,16,5,2,9317,35,First317,Last317,6/10/2010,8,CoachA
"Last035, First035",119,119,0,338:28,273:08,607,22,5,6,9035,595,First035,Last035,7/11/2005,11,CoachG
"Last318, First318",171,114,57,283:13,148:39,356,19,3,8,9318,570,First318,Last318,8/12/2006,12,CoachC
"Last319, First319",95,88,7,465:40,1:00,466,28,5,18,9319,440,First319,Last319,9/13/2007,12,CoachE
"Last320, First320",173,78,95,207:38,2:30,210,8,2,42,9320,390,First320,Last320,10/14/2008,10,CoachD
"Last321, First321",108,119,-11,420:18,6:25,363,48,3,3,9321,595,First321,Last321,11/15/2009,12,CoachD
"Last036, First036",157,119,38,423:10,167:13,574,21,4,50,9036,595,First036,Last036,12/16/2010,12,CoachG
"Last322, First322",107,119,-12,566:38,32:38,594,8,4,60,9322,595,First322,Last322,1/17/2005,11,CoachC
"Last323, First323",111,119,-8,596:10,12:03,605,58,5,6,9323,595,First323,Last323,2/18/2006,9,CoachC
"Last324, First324",86,107,-21,511:23,30:20,536,36,5,1,9324,535,First324,Last324,3/19/2007,7,CoachA
"Last037, First037",10,7,3,39:44,0:45,40,29,5,47,9037,35,First037,Last037,4/20/2008,11,CoachG
"Last038, First038",109,119,-10,174:13,256:17,418,36,3,31,9038,595,First038,Last038,5/21/2009,11,CoachG
"Last325, First325",114,119,-5,556:57,1:37,546,52,4,36,9325,595,First325,Last325,6/22/2010,10,CoachB
"Last326, First326",10,26,-16,12:36,0:00,12,36,0,29,9326,130,First326,Last326,7/23/2005,11,CoachD
"Last327, First327",117,114,3,482:12,12:07,493,0,4,19,9327,570,First327,Last327,8/24/2006,11,CoachA
"Last328, First328",114,119,-5,526:52,120:50,562,58,4,44,9328,595,First328,Last328,9/25/2007,11,CoachC
"Last329, First329",82,88,-6,69:30,93:34,149,11,1,42,9329,440,First329,Last329,10/26/2008,8,CoachC
"Last330, First330",4,7,-3,2:52,0:00,2,52,0,25,9330,35,First330,Last330,11/27/2009,7,CoachD
"Last331, First331",141,98,43,212:10,210:40,420,46,4,18,9331,490,First331,Last331,12/28/2010,9,CoachD
"Last332, First332",40,26,14,30:18,13:40,39,5,1,30,9332,130,First332,Last332,1/1/2005,11,CoachE
"Last333, First333",80,114,-34,441:50,3:16,440,24,3,52,9333,570,First333,Last333,2/2/2006,12,CoachA
"Last334, First334",122,98,24,171:36,5:43,176,6,1,48,9334,490,First334,Last334,3/3/2007,12,CoachE
"Last335, First335",205,117,88,239:06,46:25,279,52,2,24,9335,585,First335,Last335,4/4/2008,12,CoachE
"Last336, First336",0,26,-26,4:06,1:30,5,34,0,13,9336,130,First336,Last336,5/5/2009,8,CoachE
"Last337, First337",78,88,-10,334:43,14:00,348,1,3,57,9337,440,First337,Last337,6/6/2010,12,CoachB
"Last338, First338",15,26,-11,41:10,34:25,71,19,2,45,9338,130,First338,Last338,7/7/2005,9,CoachC
"Last339, First339",344,119,225,498:57,104:32,584,4,4,54,9339,595,First339,Last339,8/8/2006,12,CoachD
"Last340, First340",83,114,-31,488:06,36:34,504,56,4,26,9340,570,First340,Last340,9/9/2007,9,CoachB
"Last039, First039",96,68,28,61:39,9:03,68,55,1,1,9039,340,First039,Last039,10/10/2008,10,CoachG
"Last040, First040",100,58,42,222:39,0:48,205,52,3,33,9040,290,First040,Last040,11/11/2009,12,CoachG
"Last341, First341",39,119,-80,380:53,21:50,393,27,3,18,9341,595,First341,Last341,12/12/2010,12,CoachD
"Last342, First342",59,98,-39,204:53,12:17,211,11,2,9,9342,490,First342,Last342,1/13/2005,11,CoachB
"Last343, First343",141,88,53,238:32,205:44,442,27,5,2,9343,440,First343,Last343,2/14/2006,11,CoachA
"Last344, First344",118,119,-1,106:50,495:37,571,42,4,48,9344,595,First344,Last344,3/15/2007,11,CoachE
"Last345, First345",13,26,-13,67:44,1:16,69,0,2,39,9345,130,First345,Last345,4/16/2008,12,CoachB
"Last346, First346",118,119,-1,592:47,13:25,600,51,5,3,9346,595,First346,Last346,5/17/2009,10,CoachC
"Last347, First347",118,107,11,268:16,69:16,319,1,2,59,9347,535,First347,Last347,6/18/2010,8,CoachD
"Last348, First348",234,58,176,182:13,5:30,187,43,3,14,9348,290,First348,Last348,7/19/2005,12,CoachC
"Last042, First042",89,68,21,21:26,1:00,22,26,0,20,9042,340,First042,Last042,8/20/2006,11,CoachG
"Last349, First349",96,119,-23,552:53,12:57,563,18,4,44,9349,595,First349,Last349,9/21/2007,10,CoachD
"Last350, First350",11,17,-6,24:06,1:07,25,0,1,28,9350,85,First350,Last350,10/22/2008,7,CoachD
"Last351, First351",65,88,-23,25:13,3:00,28,13,0,19,9351,440,First351,Last351,11/23/2009,12,CoachC
"Last352, First352",89,88,1,448:16,0:30,448,46,5,6,9352,440,First352,Last352,12/24/2010,7,CoachE
"Last353, First353",105,119,-14,141:01,174:57,313,9,2,38,9353,595,First353,Last353,1/25/2005,11,CoachB
"Last354, First354",118,117,1,437:31,23:57,458,57,3,55,9354,585,First354,Last354,2/26/2006,12,CoachE
"Last355, First355",135,119,16,51:40,235:45,263,56,2,13,9355,595,First355,Last355,3/27/2007,12,CoachE
"Last043, First043",199,119,80,616:50,8:11,625,1,5,15,9043,595,First043,Last043,4/28/2008,11,CoachG
"Last356, First356",17,98,-81,22:41,7:21,27,38,0,17,9356,490,First356,Last356,5/1/2009,12,CoachA
"Last357, First357",196,119,77,467:55,164:53,550,28,4,38,9357,595,First357,Last357,6/2/2010,12,CoachA
"Last358, First358",18,119,-101,55:51,35:01,81,34,0,41,9358,595,First358,Last358,7/3/2005,12,CoachA
"Last359, First359",12,7,5,17:24,8:46,26,10,3,44,9359,35,First359,Last359,8/4/2006,11,CoachE
"Last360, First360",109,119,-10,549:32,16:44,556,32,4,41,9360,595,First360,Last360,9/5/2007,10,CoachA
"Last361, First361",46,78,-32,140:27,58:49,196,56,2,31,9361,390,First361,Last361,10/6/2008,11,CoachC
"Last362, First362",119,119,0,327:05,279:52,604,3,5,5,9362,595,First362,Last362,11/7/2009,9,CoachA
"Last363, First363",18,78,-60,23:21,13:35,30,20,0,23,9363,390,First363,Last363,12/8/2010,10,CoachD
"Last364, First364",21,7,14,35:09,0:00,35,9,5,1,9364,35,First364,Last364,1/9/2005,9,CoachD
"Last365, First365",138,117,21,70:06,4:10,73,57,0,38,9365,585,First365,Last365,2/10/2006,12,CoachB
"Last366, First366",155,68,87,348:58,118:05,415,36,6,7,9366,340,First366,Last366,3/11/2007,9,CoachC
"Last044, First044",52,98,-46,228:32,166:35,356,18,3,38,9044,490,First044,Last044,4/12/2008,8,CoachG
"Last367, First367",55,17,38,24:49,39:00,63,43,3,45,9367,85,First367,Last367,5/13/2009,11,CoachD
"Last045, First045",9,88,-79,28:13,1:00,29,13,0,20,9045,440,First045,Last045,6/14/2010,8,CoachG
"Last368, First368",192,107,85,129:16,162:21,289,1,2,42,9368,535,First368,Last368,7/15/2005,11,CoachA
"Last369, First369",134,117,17,165:05,325:43,443,6,3,47,9369,585,First369,Last369,8/16/2006,11,CoachB
"Last046, First046",210,107,103,530:28,85:11,592,25,5,32,9046,535,First046,Last046,9/17/2007,9,CoachG
"Last370, First370",95,114,-19,87:27,9:00,96,27,0,51,9370,570,First370,Last370,10/18/2008,12,CoachE
"Last371, First371",114,119,-5,581:22,30:48,608,50,5,7,9371,595,First371,Last371,11/19/2009,10,CoachD
"Last372, First372",125,119,6,424:09,140:37,543,3,4,34,9372,595,First372,Last372,12/20/2010,10,CoachC
"Last373, First373",105,119,-14,109:31,309:19,389,24,3,16,9373,595,First373,Last373,1/21/2005,10,CoachD
"Last374, First374",65,58,7,45:49,12:13,57,35,0,60,9374,290,First374,Last374,2/22/2006,12,CoachB
"Last375, First375",37,17,20,60:31,32:46,93,16,5,29,9375,85,First375,Last375,3/23/2007,11,CoachF
"Last047, First047",116,119,-3,288:16,309:23,594,58,4,60,9047,595,First047,Last047,4/24/2008,10,CoachG
"Last048, First048",104,119,-15,399:22,165:05,535,59,4,30,9048,595,First048,Last048,5/25/2009,11,CoachG
"Last376, First376",35,107,-72,90:05,36:03,121,54,1,8,9376,535,First376,Last376,6/26/2010,8,CoachC
"Last377, First377",24,17,7,83:59,0:52,84,51,4,59,9377,85,First377,Last377,7/27/2005,10,CoachD
"Last378, First378",107,88,19,428:26,18:40,440,39,5,0,9378,440,First378,Last378,8/28/2006,11,CoachB
"Last379, First379",57,98,-41,195:57,31:37,219,2,2,14,9379,490,First379,Last379,9/1/2007,10,CoachC
"Last380, First380",61,59,2,180:44,2:15,182,59,1,32,9380,295,First380,Last380,10/2/2008,12,CoachC
"Last381, First381",87,26,61,100:51,18:56,116,6,4,28,9381,130,First381,Last381,11/3/2009,9,CoachA
"Last382, First382",118,107,11,482:17,24:15,484,52,4,32,9382,535,First382,Last382,12/4/2010,11,CoachD
"Last049, First049",23,119,-96,85:15,0:56,86,11,0,43,9049,595,First049,Last049,1/5/2005,12,CoachG
"Last383, First383",25,26,-1,38:37,68:35,102,52,3,57,9383,130,First383,Last383,2/6/2006,12,CoachD
"Last384, First384",82,59,23,287:30,2:14,289,44,2,26,9384,295,First384,Last384,3/7/2007,11,CoachE
"Last385, First385",17,78,-61,15:38,0:35,16,13,0,12,9385,390,First385,Last385,4/8/2008,10,CoachC
"Last386, First386",131,119,12,158:01,114:55,257,55,2,10,9386,595,First386,Last386,5/9/2009,10,CoachB
"Last387, First387",89,88,1,50:46,30:30,77,2,0,53,9387,440,First387,Last387,6/10/2010,10,CoachA
"Last388, First388",66,119,-53,117:41,15:07,128,42,1,5,9388,595,First388,Last388,7/11/2005,12,CoachD
"Last389, First389",100,119,-19,597:44,22:47,618,36,5,12,9389,595,First389,Last389,8/12/2006,9,CoachC
"Last390, First390",53,26,27,131:59,6:40,138,5,5,19,9390,130,First390,Last390,9/13/2007,10,CoachB
"Last391, First391",53,26,27,140:07,1:51,141,37,5,27,9391,130,First391,Last391,10/14/2008,9,CoachB
"Last392, First392",60,26,34,139:10,2:50,141,42,5,27,9392,130,First392,Last392,11/15/2009,9,CoachB
"Last393, First393",30,26,4,101:18,72:09,150,11,5,47,9393,130,First393,Last393,12/16/2010,9,CoachC
"Last394, First394",126,98,28,368:46,123:09,489,46,4,60,9394,490,First394,Last394,1/17/2005,12,CoachD
"Last395, First395",90,119,-29,447:31,28:48,472,36,3,58,9395,595,First395,Last395,2/18/2006,11,CoachD
"Last396, First396",89,78,11,152:10,329:04,387,57,4,58,9396,390,First396,Last396,3/19/2007,11,CoachE
"Last397, First397",101,119,-18,530:43,73:54,594,33,4,60,9397,595,First397,Last397,4/20/2008,11,CoachE
"Last050, First050",44,26,18,23:29,51:11,74,40,2,52,9050,130,First050,Last050,5/21/2009,9,CoachG
"Last398, First398",45,119,-74,51:33,46:11,86,59,0,44,9398,595,First398,Last398,6/22/2010,12,CoachA
"Last051, First051",142,107,35,403:22,207:20,598,7,5,35,9051,535,First051,Last051,7/23/2005,9,CoachG
"Last399, First399",14,7,7,33:10,4:40,36,43,5,15,9399,35,First399,Last399,8/24/2006,11,CoachB
"Last400, First400",90,119,-29,446:07,58:30,503,39,4,14,9400,595,First400,Last400,9/25/2007,12,CoachC
"Last052, First052",57,58,-1,144:54,50:40,192,51,3,20,9052,290,First052,Last052,10/26/2008,8,CoachG
"Last053, First053",31,26,5,77:04,55:22,124,33,4,47,9053,130,First053,Last053,11/27/2009,7,CoachG
"Last054, First054",26,26,0,62:44,76:43,130,34,5,1,9054,130,First054,Last054,12/28/2010,9,CoachG
"Last401, First401",54,58,-4,74:19,48:19,121,24,2,6,9401,290,First401,Last401,1/1/2005,12,CoachC
"Last055, First055",19,17,2,90:06,4:58,93,12,5,29,9055,85,First055,Last055,2/2/2006,10,CoachG
"Last402, First402",60,119,-59,596:51,17:23,600,50,5,3,9402,595,First402,Last402,3/3/2007,11,CoachB
"Last056, First056",132,119,13,68:01,350:48,377,56,3,11,9056,595,First056,Last056,4/4/2008,12,CoachG
"Last403, First403",121,119,2,572:59,21:10,593,19,4,59,9403,595,First403,Last403,5/5/2009,11,CoachA
"Last404, First404",116,117,-1,560:27,31:23,585,17,5,0,9404,585,First404,Last404,6/6/2010,10,CoachE
"Last405, First405",18,26,-8,118:55,1:10,118,55,4,34,9405,130,First405,Last405,7/7/2005,8,CoachE
"Last406, First406",112,114,-2,43:53,1:00,44,53,0,24,9406,570,First406,Last406,8/8/2006,12,CoachC
"Last407, First407",127,114,13,221:19,13:35,228,40,2,0,9407,570,First407,Last407,9/9/2007,12,CoachC
"Last057, First057",101,119,-18,285:47,298:40,574,59,4,50,9057,595,First057,Last057,10/10/2008,12,CoachG
"Last058, First058",114,117,-3,445:38,100:38,529,6,4,31,9058,585,First058,Last058,11/11/2009,10,CoachG
"Last059, First059",100,117,-17,327:41,59:10,373,23,3,11,9059,585,First059,Last059,12/12/2010,8,CoachG
"Last408, First408",59,107,-48,228:35,57:00,282,52,2,39,9408,535,First408,Last408,1/13/2005,12,CoachD
"Last060, First060",65,119,-54,546:43,1:00,545,3,4,35,9060,595,First060,Last060,2/14/2006,11,CoachG
"Last409, First409",128,48,80,59:07,172:21,192,5,4,0,9409,240,First409,Last409,3/15/2007,10,CoachB
"Last410, First410",120,119,1,105:19,455:27,557,30,4,41,9410,595,First410,Last410,4/16/2008,11,CoachB
"Last061, First061",50,59,-9,237:55,8:59,232,5,1,57,9061,295,First061,Last061,5/17/2009,12,CoachG
"Last411, First411",105,119,-14,218:28,106:30,320,49,2,42,9411,595,First411,Last411,6/18/2010,9,CoachA
"Last412, First412",90,119,-29,546:30,15:15,558,20,4,42,9412,595,First412,Last412,7/19/2005,12,CoachC
"Last413, First413",17,48,-31,92:24,48:05,133,59,2,47,9413,240,First413,Last413,8/20/2006,9,CoachB
"Last414, First414",293,117,176,175:05,45:51,198,11,1,42,9414,585,First414,Last414,9/21/2007,10,CoachD
"Last415, First415",95,119,-24,466:58,0:36,461,36,3,53,9415,595,First415,Last415,10/22/2008,11,CoachB
"Last416, First416",119,114,5,148:43,0:25,149,8,1,18,9416,570,First416,Last416,11/23/2009,12,CoachD
"Last417, First417",25,17,8,7:50,6:20,12,53,0,45,9417,85,First417,Last417,12/24/2010,11,CoachC
"Last418, First418",38,17,21,15:39,32:40,47,41,2,48,9418,85,First418,Last418,1/25/2005,12,CoachC
"Last419, First419",53,59,-6,211:38,46:17,255,54,2,9,9419,295,First419,Last419,2/26/2006,12,CoachA
"Last420, First420",125,119,6,403:40,13:18,411,11,3,27,9420,595,First420,Last420,3/27/2007,12,CoachC
"Last062, First062",115,117,-2,601:50,11:47,590,5,5,3,9062,585,First062,Last062,4/28/2008,11,CoachG
"Last421, First421",32,17,15,82:10,3:53,86,3,5,4,9421,85,First421,Last421,5/1/2009,8,CoachD
"Last422, First422",11,21,-10,8:21,1:00,9,21,0,27,9422,105,First422,Last422,6/2/2010,7,CoachE
"Last423, First423",101,107,-6,522:34,1:34,398,58,3,44,9423,535,First423,Last423,7/3/2005,12,CoachD
"Last424, First424",89,119,-30,530:09,4:57,535,0,4,30,9424,595,First424,Last424,8/4/2006,11,CoachA
"Last425, First425",135,98,37,478:37,12:35,488,15,4,59,9425,490,First425,Last425,9/5/2007,11,CoachC
"Last426, First426",123,68,55,201:14,62:38,256,52,3,47,9426,340,First426,Last426,10/6/2008,9,CoachE
"Last427, First427",140,68,72,327:45,22:01,340,4,5,0,9427,340,First427,Last427,11/7/2009,11,CoachE
"Last428, First428",227,119,108,585:45,33:37,607,5,5,6,9428,595,First428,Last428,12/8/2010,11,CoachA
"Last429, First429",80,119,-39,557:30,9:30,567,0,4,46,9429,595,First429,Last429,1/9/2005,9,CoachC
"Last430, First430",36,26,10,61:39,40:50,101,19,3,54,9430,130,First430,Last430,2/10/2006,8,CoachC
"Last431, First431",58,98,-40,221:43,61:25,282,32,2,53,9431,490,First431,Last431,3/11/2007,12,CoachB
"Last432, First432",118,119,-1,458:03,140:20,584,58,4,55,9432,595,First432,Last432,4/12/2008,11,CoachD
"Last433, First433",65,119,-54,128:21,4:18,131,36,1,6,9433,595,First433,Last433,5/13/2009,9,CoachE
"Last434, First434",68,119,-51,26:06,47:48,68,12,0,34,9434,595,First434,Last434,6/14/2010,12,CoachE
"Last435, First435",112,114,-2,659:40,1:37,655,36,5,45,9435,570,First435,Last435,7/15/2005,10,CoachE
"Last063, First063",180,119,61,107:45,212:10,284,39,2,24,9063,595,First063,Last063,8/16/2006,12,CoachG
"Last436, First436",50,17,33,81:55,0:30,82,25,4,51,9436,85,First436,Last436,9/17/2007,10,CoachB
"Last437, First437",37,119,-82,571:58,19:05,590,35,4,58,9437,595,First437,Last437,10/18/2008,12,CoachC
"Last438, First438",152,78,74,312:20,4:11,311,49,3,60,9438,390,First438,Last438,11/19/2009,11,CoachB
"Last064, First064",10,7,3,29:38,3:39,30,27,4,21,9064,35,First064,Last064,12/20/2010,10,CoachG
"Last439, First439",98,78,20,200:25,268:44,445,0,5,42,9439,390,First439,Last439,1/21/2005,9,CoachA
"Last440, First440",132,119,13,150:22,360:57,507,40,4,16,9440,595,First440,Last440,2/22/2006,9,CoachC
"Last441, First441",113,119,-6,373:12,207:17,578,22,4,52,9441,595,First441,Last441,3/23/2007,10,CoachE
"Last442, First442",30,17,13,22:54,3:20,26,14,1,33,9442,85,First442,Last442,4/24/2008,12,CoachF
"Last443, First443",20,26,-6,82:07,14:36,95,0,3,39,9443,130,First443,Last443,5/25/2009,9,CoachB
"Last444, First444",72,98,-26,345:22,3:00,347,1,3,32,9444,490,First444,Last444,6/26/2010,10,CoachA
"Last445, First445",60,98,-38,318:19,4:25,322,44,3,18,9445,490,First445,Last445,7/27/2005,12,CoachA
"Last446, First446",127,119,8,56:37,30:30,84,26,0,43,9446,595,First446,Last446,8/28/2006,11,CoachD
"Last065, First065",102,88,14,438:43,0:15,438,53,4,59,9065,440,First065,Last065,9/1/2007,10,CoachG
"Last447, First447",46,58,-12,187:45,11:52,198,47,3,26,9447,290,First447,Last447,10/2/2008,11,CoachC
"Last448, First448",101,107,-6,372:01,20:47,391,20,3,39,9448,535,First448,Last448,11/3/2009,11,CoachD
"Last067, First067",104,119,-15,350:23,245:35,558,28,4,42,9067,595,First067,Last067,12/4/2010,12,CoachG
"Last068, First068",78,98,-20,172:25,38:00,191,22,1,57,9068,490,First068,Last068,1/5/2005,11,CoachG
"Last449, First449",87,88,-1,282:09,34:38,303,57,3,27,9449,440,First449,Last449,2/6/2006,9,CoachD
"Last450, First450",172,119,53,259:11,224:01,449,20,3,47,9450,595,First450,Last450,3/7/2007,11,CoachC
"Last069, First069",110,78,32,246:46,66:47,309,35,3,58,9069,390,First069,Last069,4/8/2008,11,CoachG
"Last451, First451",103,119,-16,196:04,316:57,506,15,4,15,9451,595,First451,Last451,5/9/2009,10,CoachA
"Last452, First452",220,107,113,500:25,18:54,518,34,4,51,9452,535,First452,Last452,6/10/2010,10,CoachE
"Last453, First453",241,107,134,480:09,48:39,524,26,4,54,9453,535,First453,Last453,7/11/2005,10,CoachE
"Last070, First070",116,119,-3,589:35,11:17,600,47,5,3,9070,595,First070,Last070,8/12/2006,12,CoachG
"Last454, First454",100,78,22,393:53,4:04,395,14,5,4,9454,390,First454,Last454,9/13/2007,10,CoachE
"Last455, First455",116,119,-3,167:35,32:40,191,51,1,37,9455,595,First455,Last455,10/14/2008,11,CoachH
"Last456, First456",78,98,-20,561:23,16:37,561,41,5,44,9456,490,First456,Last456,11/15/2009,10,CoachE
"Last457, First457",108,119,-11,272:10,132:58,389,22,3,16,9457,595,First457,Last457,12/16/2010,11,CoachE
"Last071, First071",142,107,35,350:29,155:42,504,11,4,43,9071,535,First071,Last071,1/17/2005,10,CoachG
"Last458, First458",69,119,-50,337:38,4:34,337,24,2,50,9458,595,First458,Last458,2/18/2006,12,CoachE
"Last459, First459",302,119,183,430:46,32:00,454,50,3,49,9459,595,First459,Last459,3/19/2007,10,CoachB
"Last460, First460",107,119,-12,485:49,46:26,520,51,4,23,9460,595,First460,Last460,4/20/2008,12,CoachB
"Last461, First461",111,119,-8,481:17,33:12,512,10,4,18,9461,595,First461,Last461,5/21/2009,10,CoachD
"Last462, First462",20,7,13,8:24,6:30,13,27,1,55,9462,35,First462,Last462,6/22/2010,11,CoachA
"Last463, First463",121,119,2,226:59,414:22,613,31,5,9,9463,595,First463,Last463,7/23/2005,11,CoachC
"Last464, First464",109,119,-10,590:19,8:51,598,8,5,2,9464,595,First464,Last464,8/24/2006,12,CoachE
"Last465, First465",175,117,58,445:53,137:06,564,36,4,50,9465,585,First465,Last465,9/25/2007,11,CoachE
"Last466, First466",5,7,-2,21:46,0:35,22,21,3,12,9466,35,First466,Last466,10/26/2008,10,CoachD
"Last467, First467",106,88,18,227:06,39:23,265,6,3,1,9467,440,First467,Last467,11/27/2009,10,CoachC
"Last468, First468",13,78,-65,252:24,0:00,251,30,3,13,9468,390,First468,Last468,12/28/2010,8,CoachD
"Last469, First469",194,119,75,198:31,429:17,603,52,5,4,9469,595,First469,Last469,1/1/2005,11,CoachE
"Last470, First470",168,119,49,120:16,41:07,159,25,1,20,9470,595,First470,Last470,2/2/2006,12,CoachD
"Last072, First072",100,119,-19,158:22,516:28,610,23,5,8,9072,595,First072,Last072,3/3/2007,12,CoachG
"Last073, First073",69,41,28,148:03,34:12,159,39,3,54,9073,205,First073,Last073,4/4/2008,7,CoachG
"Last471, First471",108,119,-11,217:00,364:47,576,35,4,51,9471,595,First471,Last471,5/5/2009,10,CoachB
"Last472, First472",123,119,4,292:43,300:51,573,36,4,49,9472,595,First472,Last472,6/6/2010,10,CoachB
"Last074, First074",132,107,25,204:00,190:30,383,23,3,35,9074,535,First074,Last074,7/7/2005,11,CoachG
"Last075, First075",169,119,50,222:26,14:50,236,29,1,59,9075,595,First075,Last075,8/8/2006,12,CoachG
"Last473, First473",76,117,-41,586:30,26:41,595,46,5,6,9473,585,First473,Last473,9/9/2007,9,CoachB
"Last474, First474",113,119,-6,450:46,215:48,601,48,5,3,9474,595,First474,Last474,10/10/2008,10,CoachE
"Last475, First475",112,88,24,225:16,79:32,291,12,3,19,9475,440,First475,Last475,11/11/2009,10,CoachB
"Last476, First476",87,88,-1,368:54,62:19,427,12,4,51,9476,440,First476,Last476,12/12/2010,11,CoachA
"Last477, First477",91,119,-28,30:39,1:55,30,45,0,16,9477,595,First477,Last477,1/13/2005,12,CoachC
"Last478, First478",83,58,25,99:38,14:21,111,52,1,56,9478,290,First478,Last478,2/14/2006,9,CoachD
"Last479, First479",28,17,11,30:22,23:25,50,6,2,57,9479,85,First479,Last479,3/15/2007,12,CoachC
"Last480, First480",94,119,-25,97:24,312:21,337,15,2,50,9480,595,First480,Last480,4/16/2008,12,CoachA
"Last481, First481",41,58,-17,127:21,19:31,146,52,2,32,9481,290,First481,Last481,5/17/2009,11,CoachD
"Last482, First482",86,119,-33,406:18,5:59,403,44,3,24,9482,595,First482,Last482,6/18/2010,12,CoachD
"Last483, First483",120,119,1,258:49,309:20,546,56,4,36,9483,595,First483,Last483,7/19/2005,10,CoachB
"Last484, First484",231,114,117,387:14,55:59,435,38,3,49,9484,570,First484,Last484,8/20/2006,11,CoachD
"Last485, First485",100,117,-17,450:05,133:09,575,52,4,55,9485,585,First485,Last485,9/21/2007,9,CoachD
"Last486, First486",65,58,7,236:11,5:43,240,31,4,9,9486,290,First486,Last486,10/22/2008,9,CoachA
"Last076, First076",125,88,37,408:18,146:49,529,20,6,1,9076,440,First076,Last076,11/23/2009,11,CoachG
"Last487, First487",100,68,32,287:22,48:48,336,9,4,57,9487,340,First487,Last487,12/24/2010,12,CoachE
"Last488, First488",124,119,5,230:35,313:55,516,47,4,21,9488,595,First488,Last488,1/25/2005,9,CoachB
"Last489, First489",111,119,-8,293:57,299:57,557,49,4,41,9489,595,First489,Last489,2/26/2006,11,CoachB
"Last490, First490",71,119,-48,886:27,77:43,956,23,8,2,9490,595,First490,Last490,3/27/2007,12,CoachE
"Last077, First077",75,119,-44,96:58,1:42,97,58,0,49,9077,595,First077,Last077,4/28/2008,12,CoachG
"Last491, First491",22,7,15,26:29,5:35,32,4,4,35,9491,35,First491,Last491,5/1/2009,11,CoachC
"Last492, First492",108,68,40,65:54,9:00,74,43,1,6,9492,340,First492,Last492,6/2/2010,12,CoachF
"Last078, First078",73,119,-46,168:35,94:47,263,22,2,13,9078,595,First078,Last078,7/3/2005,12,CoachG
"Last493, First493",163,119,44,490:54,113:01,542,38,4,34,9493,595,First493,Last493,8/4/2006,12,CoachB
"Last494, First494",103,26,77,29:57,5:15,34,12,1,19,9494,130,First494,Last494,9/5/2007,11,CoachA
"Last495, First495",182,119,63,169:55,206:56,344,35,2,54,9495,595,First495,Last495,10/6/2008,11,CoachA
"Last496, First496",123,107,16,206:05,238:55,424,18,3,58,9496,535,First496,Last496,11/7/2009,8,CoachA
"Last079, First079",10,17,-7,13:19,10:21,23,40,1,24,9079,85,First079,Last079,12/8/2010,10,CoachG
"Last497, First497",23,7,16,17:10,0:35,17,12,2,27,9497,35,First497,Last497,1/9/2005,9,CoachB
"Last498, First498",95,107,-12,104:45,8:20,107,58,1,1,9498,535,First498,Last498,2/10/2006,8,CoachD
"Last499, First499",75,68,7,196:41,149:45,341,7,5,1,9499,340,First499,Last499,3/11/2007,9,CoachE
"Last500, First500",74,74,0,311:18,70:25,365,13,4,56,9500,370,First500,Last500,4/12/2008,10,CoachE
"Last501, First501",124,119,5,601:22,69:50,627,54,5,17,9501,595,First501,Last501,5/13/2009,10,CoachC
"Last502, First502",72,119,-47,568:25,0:05,567,32,4,46,9502,595,First502,Last502,6/14/2010,12,CoachD
"Last503, First503",102,58,44,332:40,44:55,358,13,6,11,9503,290,First503,Last503,7/15/2005,10,CoachD
"Last504, First504",131,88,43,435:12,0:00,435,12,4,57,9504,440,First504,Last504,8/16/2006,11,CoachD
"Last505, First505",113,114,-1,167:45,242:46,364,36,3,12,9505,570,First505,Last505,9/17/2007,11,CoachB
"Last080, First080",111,119,-8,326:33,159:01,477,23,4,1,9080,595,First080,Last080,10/18/2008,11,CoachG
"Last506, First506",35,119,-84,580:33,2:33,583,6,4,54,9506,595,First506,Last506,11/19/2009,11,CoachA
"Last081, First081",18,58,-40,53:36,4:50,57,57,0,60,9081,290,First081,Last081,12/20/2010,9,CoachG
"Last507, First507",76,107,-31,201:01,0:00,201,1,1,53,9507,535,First507,Last507,1/21/2005,11,CoachC
"Last508, First508",125,119,6,428:38,162:00,586,25,4,56,9508,595,First508,Last508,2/22/2006,9,CoachB
"Last509, First509",171,117,54,265:01,15:12,276,25,2,22,9509,585,First509,Last509,3/23/2007,10,CoachB
"Last510, First510",141,68,73,181:41,194:39,356,49,5,15,9510,340,First510,Last510,4/24/2008,11,CoachA
"Last511, First511",151,119,32,592:44,5:51,597,57,5,1,9511,595,First511,Last511,5/25/2009,11,CoachB
"Last512, First512",8,98,-90,390:40,13:35,397,10,4,3,9512,490,First512,Last512,6/26/2010,8,CoachD
"Last513, First513",96,78,18,113:43,169:04,278,25,3,34,9513,390,First513,Last513,7/27/2005,9,CoachA
"Last514, First514",29,119,-90,28:53,23:15,50,13,0,25,9514,595,First514,Last514,8/28/2006,12,CoachE
"Last515, First515",112,119,-7,170:44,110:42,277,20,2,20,9515,595,First515,Last515,9/1/2007,9,CoachE
"Last516, First516",59,107,-48,191:23,24:33,205,23,1,55,9516,535,First516,Last516,10/2/2008,11,CoachF
"Last517, First517",20,17,3,51:25,60:45,100,38,5,55,9517,85,First517,Last517,11/3/2009,10,CoachE
"Last518, First518",52,26,26,115:45,1:30,116,57,4,30,9518,130,First518,Last518,12/4/2010,11,CoachD
"Last519, First519",78,119,-41,318:53,166:54,484,10,4,4,9519,595,First519,Last519,1/5/2005,11,CoachE
"Last520, First520",117,119,-2,485:58,4:10,481,33,4,3,9520,595,First520,Last520,2/6/2006,12,CoachC
"Last521, First521",21,26,-5,136:38,4:28,141,6,5,26,9521,130,First521,Last521,3/7/2007,12,CoachA
"Last522, First522",276,114,162,445:26,30:27,471,36,4,8,9522,570,First522,Last522,4/8/2008,11,CoachE
"Last523, First523",112,119,-7,618:44,9:01,622,9,5,14,9523,595,First523,Last523,5/9/2009,9,CoachB
"Last524, First524",78,107,-29,479:55,29:53,506,2,4,44,9524,535,First524,Last524,6/10/2010,10,CoachE
"Last082, First082",369,98,271,304:48,316:06,523,48,5,21,9082,490,First082,Last082,7/11/2005,10,CoachG
"Last525, First525",99,59,40,30:28,129:26,120,28,1,1,9525,295,First525,Last525,8/12/2006,12,CoachD
"Last526, First526",113,114,-1,371:57,0:00,371,57,3,16,9526,570,First526,Last526,9/13/2007,12,CoachB
"Last527, First527",105,119,-14,348:01,62:15,377,47,3,10,9527,595,First527,Last527,10/14/2008,11,CoachB
"Last528, First528",100,119,-19,452:35,56:43,486,12,4,5,9528,595,First528,Last528,11/15/2009,12,CoachB
"Last529, First529",77,107,-30,335:03,158:39,465,22,4,21,9529,535,First529,Last529,12/16/2010,9,CoachC
"Last530, First530",82,119,-37,601:01,8:39,609,35,5,7,9530,595,First530,Last530,1/17/2005,11,CoachC
"Last531, First531",163,117,46,480:34,122:10,576,28,4,56,9531,585,First531,Last531,2/18/2006,10,CoachA
"Last532, First532",141,119,22,289:28,285:00,507,10,4,16,9532,595,First532,Last532,3/19/2007,12,CoachA
"Last533, First533",111,119,-8,457:47,102:00,554,54,4,40,9533,595,First533,Last533,4/20/2008,11,CoachA
"Last534, First534",131,68,63,144:42,183:07,322,36,4,45,9534,340,First534,Last534,5/21/2009,10,CoachD
"Last083, First083",81,117,-36,520:21,2:19,519,20,4,26,9083,585,First083,Last083,6/22/2010,11,CoachG
"Last535, First535",8,7,1,27:42,2:19,30,1,4,17,9535,35,First535,Last535,7/23/2005,9,CoachF
"Last536, First536",6,17,-11,14:22,5:04,19,26,1,9,9536,85,First536,Last536,8/24/2006,10,CoachD
"Last084, First084",36,7,29,10:07,0:45,10,52,1,33,9084,35,First084,Last084,9/25/2007,11,CoachG
"Last537, First537",126,119,7,141:30,198:29,327,0,2,45,9537,595,First537,Last537,10/26/2008,12,CoachC
"Last538, First538",135,68,67,310:43,85:11,388,48,5,43,9538,340,First538,Last538,11/27/2009,12,CoachB
"Last539, First539",103,119,-16,385:07,53:50,430,49,3,37,9539,595,First539,Last539,12/28/2010,11,CoachE
"Last085, First085",105,98,7,479:34,1:12,446,35,4,33,9085,490,First085,Last085,1/1/2005,9,CoachG
"Last540, First540",118,119,-1,241:03,222:00,450,15,3,47,9540,595,First540,Last540,2/2/2006,8,CoachA
"Last541, First541",106,119,-13,521:16,53:33,551,46,4,38,9541,595,First541,Last541,3/3/2007,10,CoachB
"Last542, First542",115,119,-4,542:10,34:47,571,12,4,48,9542,595,First542,Last542,4/4/2008,11,CoachB
"Last543, First543",149,117,32,503:03,231:29,627,28,5,22,9543,585,First543,Last543,5/5/2009,11,CoachD
"Last544, First544",89,17,72,83:10,7:30,84,38,4,59,9544,85,First544,Last544,6/6/2010,10,CoachD
"Last545, First545",166,119,47,72:37,304:00,371,19,3,7,9545,595,First545,Last545,7/7/2005,11,CoachB
"Last546, First546",99,58,41,74:01,92:47,162,55,2,49,9546,290,First546,Last546,8/8/2006,11,CoachE
"Last547, First547",112,119,-7,505:44,96:54,534,24,4,29,9547,595,First547,Last547,9/9/2007,12,CoachC
"Last548, First548",108,63,45,227:17,49:12,257,13,4,5,9548,315,First548,Last548,10/10/2008,10,CoachD
"Last549, First549",175,119,56,542:28,6:45,544,31,4,35,9549,595,First549,Last549,11/11/2009,10,CoachC
"Last550, First550",175,98,77,457:06,55:49,505,11,5,9,9550,490,First550,Last550,12/12/2010,10,CoachB
"Last551, First551",72,107,-35,297:35,0:00,296,45,2,46,9551,535,First551,Last551,1/13/2005,10,CoachA
"Last552, First552",95,119,-24,540:21,12:15,551,42,4,38,9552,595,First552,Last552,2/14/2006,9,CoachC
"Last553, First553",165,119,46,618:30,14:03,632,33,5,19,9553,595,First553,Last553,3/15/2007,11,CoachC
"Last554, First554",56,98,-42,148:16,13:14,155,25,1,35,9554,490,First554,Last554,4/16/2008,8,CoachC
"Last555, First555",110,119,-9,571:02,24:15,553,44,4,39,9555,595,First555,Last555,5/17/2009,8,CoachA
"Last556, First556",6,7,-1,29:26,0:30,29,56,4,17,9556,35,First556,Last556,6/18/2010,10,CoachD
"Last557, First557",162,58,104,285:12,7:00,288,1,4,58,9557,290,First557,Last557,7/19/2005,11,CoachC
"Last558, First558",212,114,98,469:51,20:15,484,2,4,15,9558,570,First558,Last558,8/20/2006,11,CoachD
"Last086, First086",90,78,12,224:22,1:50,226,12,2,54,9086,390,First086,Last086,9/21/2007,12,CoachG
"Last559, First559",50,58,-8,102:43,85:45,167,22,2,53,9559,290,First559,Last559,10/22/2008,9,CoachB
"Last560, First560",240,107,133,543:56,11:59,555,38,5,12,9560,535,First560,Last560,11/23/2009,10,CoachB
"Last561, First561",45,88,-43,336:35,1:45,287,49,3,16,9561,440,First561,Last561,12/24/2010,11,CoachE
"Last562, First562",130,119,11,332:56,201:07,527,50,4,26,9562,595,First562,Last562,1/25/2005,11,CoachA
"Last563, First563",64,119,-55,554:58,1:00,555,16,4,40,9563,595,First563,Last563,2/26/2006,12,CoachC
"Last564, First564",119,119,0,694:26,2:25,597,45,5,1,9564,595,First564,Last564,3/27/2007,10,CoachB
"Last565, First565",28,119,-91,364:32,0:00,364,1,3,4,9565,595,First565,Last565,4/28/2008,12,CoachE
"Last566, First566",78,78,0,238:36,80:54,302,37,3,53,9566,390,First566,Last566,5/1/2009,9,CoachE
"Last567, First567",24,7,17,11:26,1:00,12,26,1,47,9567,35,First567,Last567,6/2/2010,11,CoachE
"Last568, First568",128,26,102,100:31,16:53,109,24,4,12,9568,130,First568,Last568,7/3/2005,9,CoachA
"Last087, First087",92,98,-6,398:08,91:24,484,33,4,57,9087,490,First087,Last087,8/4/2006,10,CoachG
"Last569, First569",12,26,-14,47:12,4:25,51,35,1,59,9569,130,First569,Last569,9/5/2007,9,CoachC
"Last570, First570",150,119,31,496:02,85:57,567,42,4,46,9570,595,First570,Last570,10/6/2008,10,CoachE
"Last571, First571",77,119,-42,149:46,29:05,177,44,1,30,9571,595,First571,Last571,11/7/2009,12,CoachE
"Last572, First572",137,58,79,275:40,0:40,276,20,4,46,9572,290,First572,Last572,12/8/2010,12,CoachA
"Last573, First573",150,98,52,93:38,31:55,124,35,1,16,9573,490,First573,Last573,1/9/2005,12,CoachD
"Last574, First574",72,98,-26,140:00,31:30,170,18,1,44,9574,490,First574,Last574,2/10/2006,8,CoachA
"Last575, First575",53,119,-66,531:40,11:38,525,32,4,25,9575,595,First575,Last575,3/11/2007,10,CoachB
"Last576, First576",48,119,-71,565:37,2:30,567,6,4,46,9576,595,First576,Last576,4/12/2008,12,CoachE
"Last577, First577",180,119,61,322:21,290:28,552,24,4,39,9577,595,First577,Last577,5/13/2009,10,CoachA
"Last578, First578",161,119,42,611:55,35:50,623,41,5,14,9578,595,First578,Last578,6/14/2010,12,CoachC
"Last088, First088",131,114,17,503:22,22:11,513,45,4,30,9088,570,First088,Last088,7/15/2005,12,CoachG
"Last579, First579",0,7,-7,2:40,1:37,4,16,0,37,9579,35,First579,Last579,8/16/2006,12,CoachB
"Last089, First089",99,98,1,417:52,49:14,456,8,4,39,9089,490,First089,Last089,9/17/2007,10,CoachG
"Last580, First580",118,117,1,461:50,172:49,612,12,5,14,9580,585,First580,Last580,10/18/2008,10,CoachA
"Last090, First090",105,107,-2,280:43,247:45,521,26,4,52,9090,535,First090,Last090,11/19/2009,10,CoachG
"Last581, First581",302,98,204,185:55,206:49,359,0,3,40,9581,490,First581,Last581,12/20/2010,10,CoachC
"Last582, First582",18,7,11,18:37,0:00,18,37,2,40,9582,35,First582,Last582,1/21/2005,7,CoachB
"Last583, First583",89,119,-30,265:04,4:51,269,55,2,16,9583,595,First583,Last583,2/22/2006,10,CoachA
"Last584, First584",65,119,-54,119:12,11:41,130,22,1,6,9584,595,First584,Last584,3/23/2007,11,CoachA
"Last585, First585",92,98,-6,245:09,112:10,325,43,3,19,9585,490,First585,Last585,4/24/2008,10,CoachB
"Last586, First586",100,119,-19,558:30,8:25,563,58,4,44,9586,595,First586,Last586,5/25/2009,10,CoachD
"Last091, First091",67,68,-1,52:30,111:27,148,26,2,11,9091,340,First091,Last091,6/26/2010,9,CoachG
"Last587, First587",114,119,-5,280:29,342:31,591,28,4,58,9587,595,First587,Last587,7/27/2005,11,CoachB
"Last588, First588",104,114,-10,145:37,1:40,147,17,1,18,9588,570,First588,Last588,8/28/2006,11,CoachD
"Last589, First589",79,114,-35,272:09,52:45,324,35,2,51,9589,570,First589,Last589,9/1/2007,12,CoachD
"Last590, First590",120,119,1,413:14,193:37,595,55,5,0,9590,595,First590,Last590,10/2/2008,12,CoachE
"Last591, First591",111,119,-8,324:38,123:00,429,31,3,37,9591,595,First591,Last591,11/3/2009,11,CoachC
"Last092, First092",185,68,117,360:48,95:27,413,28,6,5,9092,340,First092,Last092,12/4/2010,9,CoachG
"Last093, First093",171,68,103,334:48,63:36,387,48,5,42,9093,340,First093,Last093,1/5/2005,11,CoachG
"Last592, First592",135,119,16,55:31,20:05,74,41,0,38,9592,595,First592,Last592,2/6/2006,12,CoachE
"Last094, First094",31,7,24,29:23,10:39,39,31,5,39,9094,35,First094,Last094,3/7/2007,11,CoachG
"Last593, First593",82,119,-37,518:52,2:32,503,10,4,14,9593,595,First593,Last593,4/8/2008,12,CoachD
"Last095, First095",39,58,-19,59:55,16:36,74,38,1,17,9095,290,First095,Last095,5/9/2009,11,CoachG
"Last594, First594",74,119,-45,475:21,1:46,477,7,4,1,9594,595,First594,Last594,6/10/2010,12,CoachB
"Last595, First595",123,119,4,236:11,126:40,330,43,2,47,9595,595,First595,Last595,7/11/2005,11,CoachE
"Last596, First596",97,119,-22,520:21,52:52,572,16,4,49,9596,595,First596,Last596,8/12/2006,12,CoachC
"Last096, First096",82,119,-37,282:32,34:03,301,41,2,32,9096,595,First096,Last096,9/13/2007,12,CoachG
"Last597, First597",52,78,-26,387:42,8:45,392,22,5,2,9597,390,First597,Last597,10/14/2008,8,CoachD
"Last598, First598",25,17,8,74:01,19:12,87,10,5,8,9598,85,First598,Last598,11/15/2009,10,CoachB
"Last599, First599",122,114,8,209:35,319:44,517,48,4,33,9599,570,First599,Last599,12/16/2010,10,CoachA
"Last600, First600",28,17,11,17:23,23:38,41,1,2,25,9600,85,First600,Last600,1/17/2005,9,CoachC
"Last601, First601",115,88,27,445:50,3:26,445,53,5,4,9601,440,First601,Last601,2/18/2006,9,CoachC
"Last602, First602",211,119,92,588:53,13:38,597,37,5,1,9602,595,First602,Last602,3/19/2007,10,CoachC
"Last603, First603",97,119,-22,401:20,2:21,402,39,3,23,9603,595,First603,Last603,4/20/2008,12,CoachB
"Last098, First098",115,117,-2,597:47,10:13,592,36,5,4,9098,585,First098,Last098,5/21/2009,10,CoachG
"Last099, First099",150,114,36,603:47,29:05,604,46,5,18,9099,570,First099,Last099,6/22/2010,12,CoachG
"Last100, First100",62,59,3,239:53,76:18,315,24,2,39,9100,295,First100,Last100,7/23/2005,11,CoachG
"Last101, First101",110,119,-9,188:01,190:56,376,2,3,10,9101,595,First101,Last101,8/24/2006,11,CoachG
"Last604, First604",90,113,-23,88:19,21:00,104,25,0,55,9604,565,First604,Last604,9/25/2007,12,CoachC
"Last605, First605",33,59,-26,41:45,39:44,76,48,0,39,9605,295,First605,Last605,10/26/2008,12,CoachD
"Last606, First606",116,117,-1,251:46,226:13,464,7,3,58,9606,585,First606,Last606,11/27/2009,10,CoachD
"Last607, First607",8,7,1,32:36,2:00,34,36,4,57,9607,35,First607,Last607,12/28/2010,7,CoachD
"Last608, First608",119,117,2,284:50,281:00,541,27,4,38,9608,585,First608,Last608,1/1/2005,8,CoachA
"Last609, First609",24,58,-34,17:03,12:00,29,3,0,30,9609,290,First609,Last609,2/2/2006,9,CoachD
"Last102, First102",29,17,12,10:18,21:19,28,46,1,42,9102,85,First102,Last102,3/3/2007,10,CoachG
"Last610, First610",123,119,4,279:45,254:47,531,53,4,28,9610,595,First610,Last610,4/4/2008,12,CoachA
"Last611, First611",92,119,-27,595:00,1:37,594,49,4,60,9611,595,First611,Last611,5/5/2009,12,CoachE
"Last612, First612",123,119,4,578:08,83:32,599,26,5,2,9612,595,First612,Last612,6/6/2010,10,CoachE
"Last613, First613",73,17,56,50:59,46:35,96,35,5,41,9613,85,First613,Last613,7/7/2005,10,CoachD
"Last614, First614",36,49,-13,10:59,16:12,25,52,0,16,9614,245,First614,Last614,8/8/2006,12,CoachB
"Last615, First615",92,119,-27,43:23,157:18,196,13,1,39,9615,595,First615,Last615,9/9/2007,11,CoachD
"Last103, First103",298,119,179,313:58,241:53,549,24,4,37,9103,595,First103,Last103,10/10/2008,12,CoachG
"Last616, First616",60,78,-18,141:42,83:40,218,9,2,48,9616,390,First616,Last616,11/11/2009,7,CoachC
"Last617, First617",124,119,5,315:42,1:04,315,52,2,39,9617,595,First617,Last617,12/12/2010,12,CoachE
"Last618, First618",98,119,-21,509:23,7:37,509,38,4,17,9618,595,First618,Last618,1/13/2005,11,CoachE
"Last619, First619",124,98,26,321:01,31:18,349,22,3,34,9619,490,First619,Last619,2/14/2006,11,CoachE
"Last620, First620",90,98,-8,176:48,178:20,341,57,3,29,9620,490,First620,Last620,3/15/2007,10,CoachC
"Last621, First621",3,7,-4,1:30,0:00,1,30,0,13,9621,35,First621,Last621,4/16/2008,9,CoachE
"Last622, First622",67,88,-21,60:42,15:40,73,52,0,50,9622,440,First622,Last622,5/17/2009,10,CoachE
"Last623, First623",53,26,27,131:58,1:30,119,54,4,37,9623,130,First623,Last623,6/18/2010,8,CoachE
"Last624, First624",34,26,8,68:00,73:50,141,10,5,26,9624,130,First624,Last624,7/19/2005,10,CoachE
"Last625, First625",48,26,22,97:24,4:53,100,41,3,52,9625,130,First625,Last625,8/20/2006,11,CoachC
"Last626, First626",120,78,42,162:08,259:19,411,11,5,16,9626,390,First626,Last626,9/21/2007,10,CoachB
"Last627, First627",17,17,0,15:46,0:00,15,46,0,56,9627,85,First627,Last627,10/22/2008,7,CoachE
"Last628, First628",67,68,-1,335:42,2:00,335,39,4,56,9628,340,First628,Last628,11/23/2009,10,CoachC
"Last629, First629",16,58,-42,11:56,1:00,12,56,0,13,9629,290,First629,Last629,12/24/2010,9,CoachC
"Last104, First104",161,119,42,583:25,21:37,599,7,5,2,9104,595,First104,Last104,1/25/2005,9,CoachG
"Last105, First105",131,117,14,571:25,53:30,621,3,5,18,9105,585,First105,Last105,2/26/2006,7,CoachG
"Last630, First630",52,107,-55,236:21,105:42,297,36,2,47,9630,535,First630,Last630,3/27/2007,9,CoachC
"Last631, First631",40,117,-77,51:30,9:26,60,56,0,31,9631,585,First631,Last631,4/28/2008,12,CoachC
"Last632, First632",41,58,-17,226:13,0:30,226,35,3,54,9632,290,First632,Last632,5/1/2009,7,CoachB
"Last633, First633",180,119,61,511:20,1:40,512,23,4,18,9633,595,First633,Last633,6/2/2010,11,CoachC
"Last634, First634",122,114,8,525:32,31:54,546,19,4,48,9634,570,First634,Last634,7/3/2005,11,CoachC
"Last635, First635",11,78,-67,145:54,2:25,147,58,1,54,9635,390,First635,Last635,8/4/2006,10,CoachA
"Last636, First636",107,119,-12,503:50,25:51,526,21,4,25,9636,595,First636,Last636,9/5/2007,12,CoachE
"Last637, First637",110,119,-9,298:34,68:07,365,40,3,4,9637,595,First637,Last637,10/6/2008,12,CoachA
"Last106, First106",89,78,11,164:32,166:39,323,49,4,9,9106,390,First106,Last106,11/7/2009,10,CoachG
"Last107, First107",45,58,-13,149:56,1:00,150,56,2,36,9107,290,First107,Last107,12/8/2010,9,CoachG
"Last638, First638",99,17,82,74:49,63:50,86,59,5,7,9638,85,First638,Last638,1/9/2005,10,CoachD
"Last639, First639",83,98,-15,484:26,20:27,498,59,5,5,9639,490,First639,Last639,2/10/2006,8,CoachB
"Last640, First640",106,98,8,490:24,4:15,494,27,5,3,9640,490,First640,Last640,3/11/2007,7,CoachB
"Last641, First641",138,107,31,117:33,46:33,162,45,1,31,9641,535,First641,Last641,4/12/2008,11,CoachD
"Last642, First642",131,119,12,103:52,0:48,104,40,0,53,9642,595,First642,Last642,5/13/2009,12,CoachD
"Last108, First108",3,26,-23,1:32,0:34,2,6,0,5,9108,130,First108,Last108,6/14/2010,12,CoachG
"Last643, First643",118,78,40,110:02,219:20,323,14,4,9,9643,390,First643,Last643,7/15/2005,10,CoachD
"Last644, First644",9,17,-8,83:55,6:28,89,41,5,17,9644,85,First644,Last644,8/16/2006,8,CoachF
"Last645, First645",25,7,18,31:19,7:15,32,0,4,34,9645,35,First645,Last645,9/17/2007,12,CoachE
"Last646, First646",142,119,23,80:43,15:30,84,12,0,42,9646,595,First646,Last646,10/18/2008,12,CoachD
"Last647, First647",138,119,19,41:37,110:45,109,58,0,55,9647,595,First647,Last647,11/19/2009,11,CoachC
"Last109, First109",18,26,-8,48:27,51:25,97,32,3,45,9109,130,First109,Last109,12/20/2010,8,CoachG
"Last648, First648",64,68,-4,330:23,12:20,334,24,4,55,9648,340,First648,Last648,1/21/2005,10,CoachE
"Last649, First649",149,119,30,308:14,158:53,450,9,3,47,9649,595,First649,Last649,2/22/2006,12,CoachA
"Last110, First110",123,119,4,683:07,25:10,695,47,5,51,9110,595,First110,Last110,3/23/2007,9,CoachG
"Last650, First650",34,119,-85,51:30,43:02,83,9,0,42,9650,595,First650,Last650,4/24/2008,12,CoachF
"Last651, First651",112,119,-7,293:46,111:30,398,12,3,21,9651,595,First651,Last651,5/25/2009,11,CoachD
"Last652, First652",58,119,-61,43:15,73:28,91,36,0,46,9652,595,First652,Last652,6/26/2010,12,CoachA
"Last653, First653",103,119,-16,223:03,187:04,370,16,3,7,9653,595,First653,Last653,7/27/2005,11,CoachA
"Last654, First654",8,7,1,13:32,1:10,14,39,2,6,9654,35,First654,Last654,8/28/2006,9,CoachC
"Last655, First655",124,98,26,444:57,55:16,495,16,5,3,9655,490,First655,Last655,9/1/2007,10,CoachA
"Last656, First656",129,119,10,802:23,62:32,818,41,6,53,9656,595,First656,Last656,10/2/2008,11,CoachC
"Last111, First111",109,98,11,88:14,92:45,176,57,1,48,9111,490,First111,Last111,11/3/2009,10,CoachG
"Last657, First657",106,88,18,399:50,11:00,409,53,4,39,9657,440,First657,Last657,12/4/2010,12,CoachB
"Last658, First658",95,119,-24,439:41,25:00,456,54,3,50,9658,595,First658,Last658,1/5/2005,12,CoachC
"Last659, First659",120,119,1,402:42,187:24,560,11,4,42,9659,595,First659,Last659,2/6/2006,10,CoachE
"Last660, First660",48,26,22,51:13,119:44,136,45,5,16,9660,130,First660,Last660,3/7/2007,12,CoachE
"Last661, First661",61,26,35,73:50,17:04,85,10,3,17,9661,130,First661,Last661,4/8/2008,9,CoachB
"Last662, First662",33,26,7,75:24,1:44,77,8,2,58,9662,130,First662,Last662,5/9/2009,11,CoachB
"Last663, First663",120,114,6,355:41,117:10,457,34,4,1,9663,570,First663,Last663,6/10/2010,11,CoachB
"Last664, First664",80,26,54,50:56,1:15,52,11,2,0,9664,130,First664,Last664,7/11/2005,10,CoachB
"Last665, First665",117,117,0,565:08,24:01,586,35,5,1,9665,585,First665,Last665,8/12/2006,10,CoachB
"Last666, First666",70,88,-18,117:35,9:09,121,20,1,23,9666,440,First666,Last666,9/13/2007,12,CoachA
"Last667, First667",17,26,-9,73:33,39:45,101,10,3,53,9667,130,First667,Last667,10/14/2008,8,CoachA
"Last668, First668",80,26,54,100:24,28:55,128,51,4,57,9668,130,First668,Last668,11/15/2009,10,CoachA
"Last112, First112",67,88,-21,428:49,13:45,435,29,4,57,9112,440,First112,Last112,12/16/2010,8,CoachG
"Last669, First669",83,114,-31,100:15,2:22,102,37,0,54,9669,570,First669,Last669,1/17/2005,12,CoachC
"Last670, First670",61,17,44,19:53,0:20,19,53,1,10,9670,85,First670,Last670,2/18/2006,12,CoachD
"Last671, First671",77,119,-42,107:59,42:03,149,30,1,15,9671,595,First671,Last671,3/19/2007,12,CoachA
"Last672, First672",111,119,-8,466:57,47:55,502,38,4,13,9672,595,First672,Last672,4/20/2008,12,CoachA
"Last673, First673",62,17,45,30:50,4:45,35,35,2,6,9673,85,First673,Last673,5/21/2009,12,CoachB
"Last674, First674",136,88,48,79:43,18:53,91,14,1,2,9674,440,First674,Last674,6/22/2010,12,CoachD
"Last675, First675",246,119,127,270:00,45:22,311,21,2,37,9675,595,First675,Last675,7/23/2005,12,CoachB
"Last676, First676",107,117,-10,301:45,113:38,399,54,3,25,9676,585,First676,Last676,8/24/2006,9,CoachE
"Last677, First677",114,119,-5,542:49,84:00,624,58,5,15,9677,595,First677,Last677,9/25/2007,9,CoachB
"Last678, First678",70,119,-49,195:12,97:56,279,39,2,21,9678,595,First678,Last678,10/26/2008,11,CoachC
"Last679, First679",95,103,-8,192:45,0:00,192,45,1,52,9679,515,First679,Last679,11/27/2009,12,CoachE
"Last680, First680",43,58,-15,14:38,25:30,40,8,0,42,9680,290,First680,Last680,12/28/2010,12,CoachC
"Last681, First681",70,119,-49,581:08,6:35,582,40,4,54,9681,595,First681,Last681,1/1/2005,12,CoachE
"Last682, First682",112,88,24,223:24,229:40,448,1,5,5,9682,440,First682,Last682,2/2/2006,9,CoachE
"Last113, First113",122,105,17,506:32,21:22,527,24,5,1,9113,525,First113,Last113,3/3/2007,11,CoachG
"Last683, First683",53,17,36,41:13,47:21,88,34,5,13,9683,85,First683,Last683,4/4/2008,10,CoachD
"Last684, First684",6,29,-23,5:22,0:00,5,22,0,6,9684,145,First684,Last684,5/5/2009,12,CoachB
"Last685, First685",28,119,-91,90:30,2:38,93,8,0,47,9685,595,First685,Last685,6/6/2010,12,CoachD
"Last686, First686",194,98,96,243:29,73:13,316,5,3,14,9686,490,First686,Last686,7/7/2005,9,CoachE
"Last687, First687",118,117,1,562:46,34:02,586,34,5,1,9687,585,First687,Last687,8/8/2006,11,CoachD
"Last688, First688",136,78,58,194:45,202:46,387,41,4,58,9688,390,First688,Last688,9/9/2007,11,CoachE
"Last114, First114",112,78,34,89:18,323:03,337,27,4,20,9114,390,First114,Last114,10/10/2008,10,CoachG
"Last115, First115",107,78,29,245:34,70:05,306,40,3,56,9115,390,First115,Last115,11/11/2009,12,CoachG
"Last689, First689",272,119,153,363:11,271:42,600,11,5,3,9689,595,First689,Last689,12/12/2010,9,CoachB
"Last690, First690",210,119,91,267:54,423:49,639,36,5,22,9690,595,First690,Last690,1/13/2005,10,CoachB
"Last691, First691",142,119,23,490:40,167:14,614,53,5,10,9691,595,First691,Last691,2/14/2006,10,CoachB
"Last116, First116",57,58,-1,177:35,11:20,188,30,3,15,9116,290,First116,Last116,3/15/2007,9,CoachG
"Last692, First692",10,7,3,29:00,0:00,29,0,4,9,9692,35,First692,Last692,4/16/2008,10,CoachB
